user_id,visit_time,signed_up,added_to_cart,initiated_checkout,purchased
1,2025-01-01 00:00:00,True,True,True,False
2,2025-01-01 00:01:00,False,False,False,False
3,2025-01-01 00:02:00,False,False,False,False
4,2025-01-01 00:03:00,True,False,False,False
5,2025-01-01 00:04:00,True,False,False,False
6,2025-01-01 00:05:00,True,False,False,False
7,2025-01-01 00:06:00,True,False,False,False
8,2025-01-01 00:07:00,False,False,False,False
9,2025-01-01 00:08:00,True,True,True,False
10,2025-01-01 00:09:00,False,False,False,False
11,2025-01-01 00:10:00,True,True,True,False
12,2025-01-01 00:11:00,False,False,False,False
13,2025-01-01 00:12:00,False,False,False,False
14,2025-01-01 00:13:00,True,True,True,False
15,2025-01-01 00:14:00,True,False,False,False
16,2025-01-01 00:15:00,True,False,False,False
17,2025-01-01 00:16:00,True,True,True,False
18,2025-01-01 00:17:00,True,False,False,False
19,2025-01-01 00:18:00,True,False,False,False
20,2025-01-01 00:19:00,True,True,False,False
21,2025-01-01 00:20:00,True,False,False,False
22,2025-01-01 00:21:00,True,True,False,False
23,2025-01-01 00:22:00,True,False,False,False
24,2025-01-01 00:23:00,True,False,False,False
25,2025-01-01 00:24:00,True,False,False,False
26,2025-01-01 00:25:00,False,False,False,False
27,2025-01-01 00:26:00,True,False,False,False
28,2025-01-01 00:27:00,True,False,False,False
29,2025-01-01 00:28:00,True,True,True,False
30,2025-01-01 00:29:00,True,False,False,False
31,2025-01-01 00:30:00,True,True,True,True
32,2025-01-01 00:31:00,True,False,False,False
33,2025-01-01 00:32:00,True,True,False,False
34,2025-01-01 00:33:00,False,False,False,False
35,2025-01-01 00:34:00,False,False,False,False
36,2025-01-01 00:35:00,False,False,False,False
37,2025-01-01 00:36:00,True,True,True,False
38,2025-01-01 00:37:00,True,False,False,False
39,2025-01-01 00:38:00,True,True,True,True
40,2025-01-01 00:39:00,True,True,True,False
41,2025-01-01 00:40:00,True,False,False,False
42,2025-01-01 00:41:00,True,False,False,False
43,2025-01-01 00:42:00,True,True,False,False
44,2025-01-01 00:43:00,False,False,False,False
45,2025-01-01 00:44:00,True,False,False,False
46,2025-01-01 00:45:00,True,False,False,False
47,2025-01-01 00:46:00,True,True,True,False
48,2025-01-01 00:47:00,True,True,False,False
49,2025-01-01 00:48:00,True,False,False,False
50,2025-01-01 00:49:00,True,True,True,True
51,2025-01-01 00:50:00,False,False,False,False
52,2025-01-01 00:51:00,False,False,False,False
53,2025-01-01 00:52:00,False,False,False,False
54,2025-01-01 00:53:00,False,False,False,False
55,2025-01-01 00:54:00,True,False,False,False
56,2025-01-01 00:55:00,False,False,False,False
57,2025-01-01 00:56:00,True,False,False,False
58,2025-01-01 00:57:00,True,True,False,False
59,2025-01-01 00:58:00,True,True,False,False
60,2025-01-01 00:59:00,True,False,False,False
61,2025-01-01 01:00:00,True,False,False,False
62,2025-01-01 01:01:00,True,False,False,False
63,2025-01-01 01:02:00,False,False,False,False
64,2025-01-01 01:03:00,True,True,False,False
65,2025-01-01 01:04:00,True,True,True,False
66,2025-01-01 01:05:00,True,False,False,False
67,2025-01-01 01:06:00,True,True,True,True
68,2025-01-01 01:07:00,False,False,False,False
69,2025-01-01 01:08:00,True,True,True,True
70,2025-01-01 01:09:00,False,False,False,False
71,2025-01-01 01:10:00,False,False,False,False
72,2025-01-01 01:11:00,True,True,False,False
73,2025-01-01 01:12:00,True,True,True,False
74,2025-01-01 01:13:00,False,False,False,False
75,2025-01-01 01:14:00,False,False,False,False
76,2025-01-01 01:15:00,False,False,False,False
77,2025-01-01 01:16:00,False,False,False,False
78,2025-01-01 01:17:00,True,False,False,False
79,2025-01-01 01:18:00,True,True,False,False
80,2025-01-01 01:19:00,True,False,False,False
81,2025-01-01 01:20:00,False,False,False,False
82,2025-01-01 01:21:00,True,True,True,False
83,2025-01-01 01:22:00,True,True,False,False
84,2025-01-01 01:23:00,True,False,False,False
85,2025-01-01 01:24:00,True,False,False,False
86,2025-01-01 01:25:00,True,True,False,False
87,2025-01-01 01:26:00,False,False,False,False
88,2025-01-01 01:27:00,True,True,False,False
89,2025-01-01 01:28:00,False,False,False,False
90,2025-01-01 01:29:00,True,True,True,True
91,2025-01-01 01:30:00,True,False,False,False
92,2025-01-01 01:31:00,False,False,False,False
93,2025-01-01 01:32:00,False,False,False,False
94,2025-01-01 01:33:00,True,False,False,False
95,2025-01-01 01:34:00,False,False,False,False
96,2025-01-01 01:35:00,True,True,False,False
97,2025-01-01 01:36:00,True,True,False,False
98,2025-01-01 01:37:00,True,True,False,False
99,2025-01-01 01:38:00,True,False,False,False
100,2025-01-01 01:39:00,True,True,True,False
101,2025-01-01 01:40:00,True,True,False,False
102,2025-01-01 01:41:00,True,False,False,False
103,2025-01-01 01:42:00,True,False,False,False
104,2025-01-01 01:43:00,True,False,False,False
105,2025-01-01 01:44:00,False,False,False,False
106,2025-01-01 01:45:00,True,True,True,False
107,2025-01-01 01:46:00,True,True,False,False
108,2025-01-01 01:47:00,False,False,False,False
109,2025-01-01 01:48:00,True,False,False,False
110,2025-01-01 01:49:00,True,True,False,False
111,2025-01-01 01:50:00,True,False,False,False
112,2025-01-01 01:51:00,True,True,True,True
113,2025-01-01 01:52:00,False,False,False,False
114,2025-01-01 01:53:00,False,False,False,False
115,2025-01-01 01:54:00,True,False,False,False
116,2025-01-01 01:55:00,False,False,False,False
117,2025-01-01 01:56:00,False,False,False,False
118,2025-01-01 01:57:00,True,False,False,False
119,2025-01-01 01:58:00,False,False,False,False
120,2025-01-01 01:59:00,True,True,False,False
121,2025-01-01 02:00:00,False,False,False,False
122,2025-01-01 02:01:00,False,False,False,False
123,2025-01-01 02:02:00,True,False,False,False
124,2025-01-01 02:03:00,True,False,False,False
125,2025-01-01 02:04:00,True,False,False,False
126,2025-01-01 02:05:00,True,False,False,False
127,2025-01-01 02:06:00,False,False,False,False
128,2025-01-01 02:07:00,False,False,False,False
129,2025-01-01 02:08:00,True,True,False,False
130,2025-01-01 02:09:00,True,True,False,False
131,2025-01-01 02:10:00,True,False,False,False
132,2025-01-01 02:11:00,True,True,True,False
133,2025-01-01 02:12:00,True,True,False,False
134,2025-01-01 02:13:00,True,True,False,False
135,2025-01-01 02:14:00,False,False,False,False
136,2025-01-01 02:15:00,True,True,False,False
137,2025-01-01 02:16:00,True,False,False,False
138,2025-01-01 02:17:00,False,False,False,False
139,2025-01-01 02:18:00,True,True,True,False
140,2025-01-01 02:19:00,False,False,False,False
141,2025-01-01 02:20:00,False,False,False,False
142,2025-01-01 02:21:00,True,True,False,False
143,2025-01-01 02:22:00,True,False,False,False
144,2025-01-01 02:23:00,True,False,False,False
145,2025-01-01 02:24:00,True,True,False,False
146,2025-01-01 02:25:00,True,False,False,False
147,2025-01-01 02:26:00,True,False,False,False
148,2025-01-01 02:27:00,True,False,False,False
149,2025-01-01 02:28:00,True,False,False,False
150,2025-01-01 02:29:00,True,False,False,False
151,2025-01-01 02:30:00,False,False,False,False
152,2025-01-01 02:31:00,True,False,False,False
153,2025-01-01 02:32:00,True,False,False,False
154,2025-01-01 02:33:00,True,False,False,False
155,2025-01-01 02:34:00,False,False,False,False
156,2025-01-01 02:35:00,True,False,False,False
157,2025-01-01 02:36:00,True,True,True,False
158,2025-01-01 02:37:00,False,False,False,False
159,2025-01-01 02:38:00,True,False,False,False
160,2025-01-01 02:39:00,False,False,False,False
161,2025-01-01 02:40:00,True,False,False,False
162,2025-01-01 02:41:00,True,True,False,False
163,2025-01-01 02:42:00,True,True,True,False
164,2025-01-01 02:43:00,True,False,False,False
165,2025-01-01 02:44:00,True,True,False,False
166,2025-01-01 02:45:00,False,False,False,False
167,2025-01-01 02:46:00,True,False,False,False
168,2025-01-01 02:47:00,True,False,False,False
169,2025-01-01 02:48:00,True,True,False,False
170,2025-01-01 02:49:00,True,True,True,False
171,2025-01-01 02:50:00,True,False,False,False
172,2025-01-01 02:51:00,True,False,False,False
173,2025-01-01 02:52:00,True,False,False,False
174,2025-01-01 02:53:00,True,True,False,False
175,2025-01-01 02:54:00,True,False,False,False
176,2025-01-01 02:55:00,True,False,False,False
177,2025-01-01 02:56:00,True,False,False,False
178,2025-01-01 02:57:00,True,True,False,False
179,2025-01-01 02:58:00,False,False,False,False
180,2025-01-01 02:59:00,True,False,False,False
181,2025-01-01 03:00:00,True,False,False,False
182,2025-01-01 03:01:00,True,True,True,True
183,2025-01-01 03:02:00,False,False,False,False
184,2025-01-01 03:03:00,False,False,False,False
185,2025-01-01 03:04:00,True,True,False,False
186,2025-01-01 03:05:00,True,False,False,False
187,2025-01-01 03:06:00,False,False,False,False
188,2025-01-01 03:07:00,True,True,False,False
189,2025-01-01 03:08:00,True,True,False,False
190,2025-01-01 03:09:00,True,False,False,False
191,2025-01-01 03:10:00,True,True,True,False
192,2025-01-01 03:11:00,False,False,False,False
193,2025-01-01 03:12:00,False,False,False,False
194,2025-01-01 03:13:00,True,False,False,False
195,2025-01-01 03:14:00,True,True,True,False
196,2025-01-01 03:15:00,True,False,False,False
197,2025-01-01 03:16:00,False,False,False,False
198,2025-01-01 03:17:00,False,False,False,False
199,2025-01-01 03:18:00,False,False,False,False
200,2025-01-01 03:19:00,False,False,False,False
201,2025-01-01 03:20:00,True,False,False,False
202,2025-01-01 03:21:00,True,True,True,False
203,2025-01-01 03:22:00,True,True,False,False
204,2025-01-01 03:23:00,False,False,False,False
205,2025-01-01 03:24:00,True,True,False,False
206,2025-01-01 03:25:00,True,False,False,False
207,2025-01-01 03:26:00,True,False,False,False
208,2025-01-01 03:27:00,True,True,False,False
209,2025-01-01 03:28:00,True,True,True,False
210,2025-01-01 03:29:00,True,False,False,False
211,2025-01-01 03:30:00,True,True,False,False
212,2025-01-01 03:31:00,True,True,False,False
213,2025-01-01 03:32:00,True,True,True,True
214,2025-01-01 03:33:00,True,False,False,False
215,2025-01-01 03:34:00,False,False,False,False
216,2025-01-01 03:35:00,True,True,True,True
217,2025-01-01 03:36:00,True,True,False,False
218,2025-01-01 03:37:00,False,False,False,False
219,2025-01-01 03:38:00,True,False,False,False
220,2025-01-01 03:39:00,False,False,False,False
221,2025-01-01 03:40:00,True,False,False,False
222,2025-01-01 03:41:00,True,True,False,False
223,2025-01-01 03:42:00,True,True,True,True
224,2025-01-01 03:43:00,True,False,False,False
225,2025-01-01 03:44:00,True,True,True,True
226,2025-01-01 03:45:00,True,False,False,False
227,2025-01-01 03:46:00,False,False,False,False
228,2025-01-01 03:47:00,True,True,False,False
229,2025-01-01 03:48:00,False,False,False,False
230,2025-01-01 03:49:00,True,True,True,True
231,2025-01-01 03:50:00,False,False,False,False
232,2025-01-01 03:51:00,True,True,True,False
233,2025-01-01 03:52:00,True,True,False,False
234,2025-01-01 03:53:00,True,True,False,False
235,2025-01-01 03:54:00,True,False,False,False
236,2025-01-01 03:55:00,False,False,False,False
237,2025-01-01 03:56:00,True,False,False,False
238,2025-01-01 03:57:00,True,True,True,False
239,2025-01-01 03:58:00,True,False,False,False
240,2025-01-01 03:59:00,True,True,True,False
241,2025-01-01 04:00:00,False,False,False,False
242,2025-01-01 04:01:00,False,False,False,False
243,2025-01-01 04:02:00,False,False,False,False
244,2025-01-01 04:03:00,True,False,False,False
245,2025-01-01 04:04:00,True,False,False,False
246,2025-01-01 04:05:00,False,False,False,False
247,2025-01-01 04:06:00,True,True,True,False
248,2025-01-01 04:07:00,False,False,False,False
249,2025-01-01 04:08:00,False,False,False,False
250,2025-01-01 04:09:00,False,False,False,False
251,2025-01-01 04:10:00,True,False,False,False
252,2025-01-01 04:11:00,True,True,False,False
253,2025-01-01 04:12:00,False,False,False,False
254,2025-01-01 04:13:00,True,True,False,False
255,2025-01-01 04:14:00,True,False,False,False
256,2025-01-01 04:15:00,True,True,False,False
257,2025-01-01 04:16:00,False,False,False,False
258,2025-01-01 04:17:00,True,True,False,False
259,2025-01-01 04:18:00,True,True,True,False
260,2025-01-01 04:19:00,True,False,False,False
261,2025-01-01 04:20:00,True,True,False,False
262,2025-01-01 04:21:00,False,False,False,False
263,2025-01-01 04:22:00,True,True,False,False
264,2025-01-01 04:23:00,True,True,False,False
265,2025-01-01 04:24:00,False,False,False,False
266,2025-01-01 04:25:00,False,False,False,False
267,2025-01-01 04:26:00,True,True,False,False
268,2025-01-01 04:27:00,False,False,False,False
269,2025-01-01 04:28:00,True,False,False,False
270,2025-01-01 04:29:00,True,True,False,False
271,2025-01-01 04:30:00,False,False,False,False
272,2025-01-01 04:31:00,False,False,False,False
273,2025-01-01 04:32:00,False,False,False,False
274,2025-01-01 04:33:00,False,False,False,False
275,2025-01-01 04:34:00,True,True,False,False
276,2025-01-01 04:35:00,True,True,False,False
277,2025-01-01 04:36:00,False,False,False,False
278,2025-01-01 04:37:00,True,False,False,False
279,2025-01-01 04:38:00,False,False,False,False
280,2025-01-01 04:39:00,False,False,False,False
281,2025-01-01 04:40:00,False,False,False,False
282,2025-01-01 04:41:00,True,False,False,False
283,2025-01-01 04:42:00,True,False,False,False
284,2025-01-01 04:43:00,True,True,True,False
285,2025-01-01 04:44:00,True,True,True,False
286,2025-01-01 04:45:00,True,False,False,False
287,2025-01-01 04:46:00,True,True,False,False
288,2025-01-01 04:47:00,True,True,True,False
289,2025-01-01 04:48:00,True,True,False,False
290,2025-01-01 04:49:00,True,True,True,True
291,2025-01-01 04:50:00,True,True,False,False
292,2025-01-01 04:51:00,True,True,True,False
293,2025-01-01 04:52:00,False,False,False,False
294,2025-01-01 04:53:00,True,False,False,False
295,2025-01-01 04:54:00,True,False,False,False
296,2025-01-01 04:55:00,True,True,True,True
297,2025-01-01 04:56:00,False,False,False,False
298,2025-01-01 04:57:00,True,True,True,True
299,2025-01-01 04:58:00,True,False,False,False
300,2025-01-01 04:59:00,True,False,False,False
301,2025-01-01 05:00:00,True,True,False,False
302,2025-01-01 05:01:00,True,False,False,False
303,2025-01-01 05:02:00,True,True,False,False
304,2025-01-01 05:03:00,True,False,False,False
305,2025-01-01 05:04:00,False,False,False,False
306,2025-01-01 05:05:00,False,False,False,False
307,2025-01-01 05:06:00,True,False,False,False
308,2025-01-01 05:07:00,True,False,False,False
309,2025-01-01 05:08:00,False,False,False,False
310,2025-01-01 05:09:00,True,False,False,False
311,2025-01-01 05:10:00,True,True,False,False
312,2025-01-01 05:11:00,True,False,False,False
313,2025-01-01 05:12:00,True,False,False,False
314,2025-01-01 05:13:00,False,False,False,False
315,2025-01-01 05:14:00,False,False,False,False
316,2025-01-01 05:15:00,True,False,False,False
317,2025-01-01 05:16:00,True,False,False,False
318,2025-01-01 05:17:00,True,False,False,False
319,2025-01-01 05:18:00,True,True,False,False
320,2025-01-01 05:19:00,True,True,False,False
321,2025-01-01 05:20:00,True,True,False,False
322,2025-01-01 05:21:00,False,False,False,False
323,2025-01-01 05:22:00,True,False,False,False
324,2025-01-01 05:23:00,True,True,True,False
325,2025-01-01 05:24:00,False,False,False,False
326,2025-01-01 05:25:00,False,False,False,False
327,2025-01-01 05:26:00,True,True,False,False
328,2025-01-01 05:27:00,True,False,False,False
329,2025-01-01 05:28:00,True,False,False,False
330,2025-01-01 05:29:00,True,True,True,False
331,2025-01-01 05:30:00,True,False,False,False
332,2025-01-01 05:31:00,False,False,False,False
333,2025-01-01 05:32:00,True,True,False,False
334,2025-01-01 05:33:00,True,False,False,False
335,2025-01-01 05:34:00,True,False,False,False
336,2025-01-01 05:35:00,True,False,False,False
337,2025-01-01 05:36:00,False,False,False,False
338,2025-01-01 05:37:00,False,False,False,False
339,2025-01-01 05:38:00,True,True,True,False
340,2025-01-01 05:39:00,True,True,False,False
341,2025-01-01 05:40:00,True,True,False,False
342,2025-01-01 05:41:00,True,True,True,False
343,2025-01-01 05:42:00,True,False,False,False
344,2025-01-01 05:43:00,True,False,False,False
345,2025-01-01 05:44:00,True,False,False,False
346,2025-01-01 05:45:00,True,True,False,False
347,2025-01-01 05:46:00,True,True,False,False
348,2025-01-01 05:47:00,True,True,True,True
349,2025-01-01 05:48:00,True,False,False,False
350,2025-01-01 05:49:00,True,True,True,True
351,2025-01-01 05:50:00,True,False,False,False
352,2025-01-01 05:51:00,False,False,False,False
353,2025-01-01 05:52:00,True,True,False,False
354,2025-01-01 05:53:00,True,False,False,False
355,2025-01-01 05:54:00,True,True,False,False
356,2025-01-01 05:55:00,True,False,False,False
357,2025-01-01 05:56:00,True,False,False,False
358,2025-01-01 05:57:00,True,True,True,False
359,2025-01-01 05:58:00,False,False,False,False
360,2025-01-01 05:59:00,True,False,False,False
361,2025-01-01 06:00:00,True,False,False,False
362,2025-01-01 06:01:00,True,True,False,False
363,2025-01-01 06:02:00,True,False,False,False
364,2025-01-01 06:03:00,True,False,False,False
365,2025-01-01 06:04:00,False,False,False,False
366,2025-01-01 06:05:00,True,True,True,False
367,2025-01-01 06:06:00,False,False,False,False
368,2025-01-01 06:07:00,False,False,False,False
369,2025-01-01 06:08:00,True,True,True,True
370,2025-01-01 06:09:00,True,True,False,False
371,2025-01-01 06:10:00,True,False,False,False
372,2025-01-01 06:11:00,True,True,False,False
373,2025-01-01 06:12:00,True,False,False,False
374,2025-01-01 06:13:00,True,True,False,False
375,2025-01-01 06:14:00,True,True,False,False
376,2025-01-01 06:15:00,True,False,False,False
377,2025-01-01 06:16:00,False,False,False,False
378,2025-01-01 06:17:00,True,False,False,False
379,2025-01-01 06:18:00,False,False,False,False
380,2025-01-01 06:19:00,True,False,False,False
381,2025-01-01 06:20:00,True,True,False,False
382,2025-01-01 06:21:00,True,True,False,False
383,2025-01-01 06:22:00,True,False,False,False
384,2025-01-01 06:23:00,False,False,False,False
385,2025-01-01 06:24:00,False,False,False,False
386,2025-01-01 06:25:00,False,False,False,False
387,2025-01-01 06:26:00,True,False,False,False
388,2025-01-01 06:27:00,True,True,False,False
389,2025-01-01 06:28:00,False,False,False,False
390,2025-01-01 06:29:00,False,False,False,False
391,2025-01-01 06:30:00,False,False,False,False
392,2025-01-01 06:31:00,True,True,True,False
393,2025-01-01 06:32:00,True,True,False,False
394,2025-01-01 06:33:00,False,False,False,False
395,2025-01-01 06:34:00,True,True,False,False
396,2025-01-01 06:35:00,False,False,False,False
397,2025-01-01 06:36:00,False,False,False,False
398,2025-01-01 06:37:00,True,True,True,False
399,2025-01-01 06:38:00,False,False,False,False
400,2025-01-01 06:39:00,False,False,False,False
401,2025-01-01 06:40:00,True,True,True,True
402,2025-01-01 06:41:00,False,False,False,False
403,2025-01-01 06:42:00,True,True,False,False
404,2025-01-01 06:43:00,False,False,False,False
405,2025-01-01 06:44:00,True,False,False,False
406,2025-01-01 06:45:00,False,False,False,False
407,2025-01-01 06:46:00,True,False,False,False
408,2025-01-01 06:47:00,True,False,False,False
409,2025-01-01 06:48:00,False,False,False,False
410,2025-01-01 06:49:00,True,False,False,False
411,2025-01-01 06:50:00,True,True,False,False
412,2025-01-01 06:51:00,False,False,False,False
413,2025-01-01 06:52:00,False,False,False,False
414,2025-01-01 06:53:00,True,True,True,False
415,2025-01-01 06:54:00,True,False,False,False
416,2025-01-01 06:55:00,True,False,False,False
417,2025-01-01 06:56:00,True,True,True,False
418,2025-01-01 06:57:00,True,True,True,False
419,2025-01-01 06:58:00,True,True,True,True
420,2025-01-01 06:59:00,False,False,False,False
421,2025-01-01 07:00:00,False,False,False,False
422,2025-01-01 07:01:00,False,False,False,False
423,2025-01-01 07:02:00,True,True,False,False
424,2025-01-01 07:03:00,True,True,False,False
425,2025-01-01 07:04:00,True,False,False,False
426,2025-01-01 07:05:00,True,False,False,False
427,2025-01-01 07:06:00,True,True,True,False
428,2025-01-01 07:07:00,False,False,False,False
429,2025-01-01 07:08:00,True,False,False,False
430,2025-01-01 07:09:00,True,False,False,False
431,2025-01-01 07:10:00,True,True,False,False
432,2025-01-01 07:11:00,False,False,False,False
433,2025-01-01 07:12:00,True,True,False,False
434,2025-01-01 07:13:00,True,False,False,False
435,2025-01-01 07:14:00,True,True,False,False
436,2025-01-01 07:15:00,False,False,False,False
437,2025-01-01 07:16:00,True,True,True,True
438,2025-01-01 07:17:00,False,False,False,False
439,2025-01-01 07:18:00,False,False,False,False
440,2025-01-01 07:19:00,True,False,False,False
441,2025-01-01 07:20:00,True,False,False,False
442,2025-01-01 07:21:00,False,False,False,False
443,2025-01-01 07:22:00,True,False,False,False
444,2025-01-01 07:23:00,True,True,False,False
445,2025-01-01 07:24:00,False,False,False,False
446,2025-01-01 07:25:00,False,False,False,False
447,2025-01-01 07:26:00,False,False,False,False
448,2025-01-01 07:27:00,False,False,False,False
449,2025-01-01 07:28:00,True,False,False,False
450,2025-01-01 07:29:00,True,False,False,False
451,2025-01-01 07:30:00,False,False,False,False
452,2025-01-01 07:31:00,True,False,False,False
453,2025-01-01 07:32:00,True,False,False,False
454,2025-01-01 07:33:00,False,False,False,False
455,2025-01-01 07:34:00,True,True,False,False
456,2025-01-01 07:35:00,True,False,False,False
457,2025-01-01 07:36:00,True,False,False,False
458,2025-01-01 07:37:00,True,False,False,False
459,2025-01-01 07:38:00,True,True,False,False
460,2025-01-01 07:39:00,True,False,False,False
461,2025-01-01 07:40:00,True,True,False,False
462,2025-01-01 07:41:00,True,False,False,False
463,2025-01-01 07:42:00,False,False,False,False
464,2025-01-01 07:43:00,True,False,False,False
465,2025-01-01 07:44:00,False,False,False,False
466,2025-01-01 07:45:00,True,True,True,False
467,2025-01-01 07:46:00,True,False,False,False
468,2025-01-01 07:47:00,False,False,False,False
469,2025-01-01 07:48:00,True,False,False,False
470,2025-01-01 07:49:00,False,False,False,False
471,2025-01-01 07:50:00,True,False,False,False
472,2025-01-01 07:51:00,False,False,False,False
473,2025-01-01 07:52:00,True,False,False,False
474,2025-01-01 07:53:00,False,False,False,False
475,2025-01-01 07:54:00,True,True,False,False
476,2025-01-01 07:55:00,False,False,False,False
477,2025-01-01 07:56:00,True,False,False,False
478,2025-01-01 07:57:00,True,False,False,False
479,2025-01-01 07:58:00,False,False,False,False
480,2025-01-01 07:59:00,True,True,False,False
481,2025-01-01 08:00:00,True,False,False,False
482,2025-01-01 08:01:00,True,True,False,False
483,2025-01-01 08:02:00,True,False,False,False
484,2025-01-01 08:03:00,True,True,True,False
485,2025-01-01 08:04:00,True,True,False,False
486,2025-01-01 08:05:00,False,False,False,False
487,2025-01-01 08:06:00,True,True,False,False
488,2025-01-01 08:07:00,True,False,False,False
489,2025-01-01 08:08:00,False,False,False,False
490,2025-01-01 08:09:00,False,False,False,False
491,2025-01-01 08:10:00,True,True,True,True
492,2025-01-01 08:11:00,True,True,True,False
493,2025-01-01 08:12:00,True,True,False,False
494,2025-01-01 08:13:00,True,True,True,False
495,2025-01-01 08:14:00,True,False,False,False
496,2025-01-01 08:15:00,True,False,False,False
497,2025-01-01 08:16:00,True,False,False,False
498,2025-01-01 08:17:00,True,True,False,False
499,2025-01-01 08:18:00,False,False,False,False
500,2025-01-01 08:19:00,False,False,False,False
501,2025-01-01 08:20:00,True,False,False,False
502,2025-01-01 08:21:00,True,True,False,False
503,2025-01-01 08:22:00,True,True,False,False
504,2025-01-01 08:23:00,False,False,False,False
505,2025-01-01 08:24:00,True,True,True,False
506,2025-01-01 08:25:00,True,True,True,False
507,2025-01-01 08:26:00,False,False,False,False
508,2025-01-01 08:27:00,False,False,False,False
509,2025-01-01 08:28:00,False,False,False,False
510,2025-01-01 08:29:00,False,False,False,False
511,2025-01-01 08:30:00,True,False,False,False
512,2025-01-01 08:31:00,True,False,False,False
513,2025-01-01 08:32:00,False,False,False,False
514,2025-01-01 08:33:00,False,False,False,False
515,2025-01-01 08:34:00,True,True,False,False
516,2025-01-01 08:35:00,True,True,False,False
517,2025-01-01 08:36:00,True,False,False,False
518,2025-01-01 08:37:00,False,False,False,False
519,2025-01-01 08:38:00,False,False,False,False
520,2025-01-01 08:39:00,True,False,False,False
521,2025-01-01 08:40:00,True,True,False,False
522,2025-01-01 08:41:00,True,False,False,False
523,2025-01-01 08:42:00,False,False,False,False
524,2025-01-01 08:43:00,False,False,False,False
525,2025-01-01 08:44:00,False,False,False,False
526,2025-01-01 08:45:00,True,True,True,True
527,2025-01-01 08:46:00,True,True,True,False
528,2025-01-01 08:47:00,True,True,False,False
529,2025-01-01 08:48:00,True,False,False,False
530,2025-01-01 08:49:00,False,False,False,False
531,2025-01-01 08:50:00,False,False,False,False
532,2025-01-01 08:51:00,False,False,False,False
533,2025-01-01 08:52:00,False,False,False,False
534,2025-01-01 08:53:00,True,True,True,True
535,2025-01-01 08:54:00,False,False,False,False
536,2025-01-01 08:55:00,False,False,False,False
537,2025-01-01 08:56:00,False,False,False,False
538,2025-01-01 08:57:00,True,False,False,False
539,2025-01-01 08:58:00,True,True,False,False
540,2025-01-01 08:59:00,True,False,False,False
541,2025-01-01 09:00:00,False,False,False,False
542,2025-01-01 09:01:00,True,True,False,False
543,2025-01-01 09:02:00,True,False,False,False
544,2025-01-01 09:03:00,True,True,False,False
545,2025-01-01 09:04:00,True,False,False,False
546,2025-01-01 09:05:00,True,True,False,False
547,2025-01-01 09:06:00,True,False,False,False
548,2025-01-01 09:07:00,True,False,False,False
549,2025-01-01 09:08:00,True,True,False,False
550,2025-01-01 09:09:00,False,False,False,False
551,2025-01-01 09:10:00,True,False,False,False
552,2025-01-01 09:11:00,False,False,False,False
553,2025-01-01 09:12:00,True,False,False,False
554,2025-01-01 09:13:00,True,False,False,False
555,2025-01-01 09:14:00,False,False,False,False
556,2025-01-01 09:15:00,True,True,False,False
557,2025-01-01 09:16:00,True,False,False,False
558,2025-01-01 09:17:00,True,True,True,False
559,2025-01-01 09:18:00,False,False,False,False
560,2025-01-01 09:19:00,True,False,False,False
561,2025-01-01 09:20:00,False,False,False,False
562,2025-01-01 09:21:00,True,True,False,False
563,2025-01-01 09:22:00,True,False,False,False
564,2025-01-01 09:23:00,True,True,True,False
565,2025-01-01 09:24:00,True,False,False,False
566,2025-01-01 09:25:00,True,True,True,False
567,2025-01-01 09:26:00,True,False,False,False
568,2025-01-01 09:27:00,True,True,True,False
569,2025-01-01 09:28:00,False,False,False,False
570,2025-01-01 09:29:00,True,True,False,False
571,2025-01-01 09:30:00,True,False,False,False
572,2025-01-01 09:31:00,False,False,False,False
573,2025-01-01 09:32:00,True,False,False,False
574,2025-01-01 09:33:00,True,False,False,False
575,2025-01-01 09:34:00,False,False,False,False
576,2025-01-01 09:35:00,False,False,False,False
577,2025-01-01 09:36:00,True,True,False,False
578,2025-01-01 09:37:00,False,False,False,False
579,2025-01-01 09:38:00,True,False,False,False
580,2025-01-01 09:39:00,True,False,False,False
581,2025-01-01 09:40:00,True,True,True,False
582,2025-01-01 09:41:00,False,False,False,False
583,2025-01-01 09:42:00,True,False,False,False
584,2025-01-01 09:43:00,True,True,False,False
585,2025-01-01 09:44:00,True,False,False,False
586,2025-01-01 09:45:00,True,True,False,False
587,2025-01-01 09:46:00,True,False,False,False
588,2025-01-01 09:47:00,True,True,False,False
589,2025-01-01 09:48:00,True,True,True,True
590,2025-01-01 09:49:00,True,False,False,False
591,2025-01-01 09:50:00,True,False,False,False
592,2025-01-01 09:51:00,True,False,False,False
593,2025-01-01 09:52:00,True,True,False,False
594,2025-01-01 09:53:00,True,True,False,False
595,2025-01-01 09:54:00,False,False,False,False
596,2025-01-01 09:55:00,True,False,False,False
597,2025-01-01 09:56:00,True,True,True,True
598,2025-01-01 09:57:00,True,True,False,False
599,2025-01-01 09:58:00,True,True,True,False
600,2025-01-01 09:59:00,True,False,False,False
601,2025-01-01 10:00:00,True,True,False,False
602,2025-01-01 10:01:00,True,True,True,False
603,2025-01-01 10:02:00,True,True,False,False
604,2025-01-01 10:03:00,True,True,True,True
605,2025-01-01 10:04:00,True,True,True,True
606,2025-01-01 10:05:00,True,False,False,False
607,2025-01-01 10:06:00,True,True,True,False
608,2025-01-01 10:07:00,True,False,False,False
609,2025-01-01 10:08:00,True,True,False,False
610,2025-01-01 10:09:00,True,False,False,False
611,2025-01-01 10:10:00,True,False,False,False
612,2025-01-01 10:11:00,False,False,False,False
613,2025-01-01 10:12:00,True,False,False,False
614,2025-01-01 10:13:00,True,True,False,False
615,2025-01-01 10:14:00,False,False,False,False
616,2025-01-01 10:15:00,False,False,False,False
617,2025-01-01 10:16:00,True,False,False,False
618,2025-01-01 10:17:00,True,False,False,False
619,2025-01-01 10:18:00,False,False,False,False
620,2025-01-01 10:19:00,False,False,False,False
621,2025-01-01 10:20:00,True,True,False,False
622,2025-01-01 10:21:00,True,True,False,False
623,2025-01-01 10:22:00,True,False,False,False
624,2025-01-01 10:23:00,True,False,False,False
625,2025-01-01 10:24:00,True,True,True,True
626,2025-01-01 10:25:00,True,False,False,False
627,2025-01-01 10:26:00,True,True,True,True
628,2025-01-01 10:27:00,False,False,False,False
629,2025-01-01 10:28:00,True,True,False,False
630,2025-01-01 10:29:00,True,True,True,False
631,2025-01-01 10:30:00,False,False,False,False
632,2025-01-01 10:31:00,False,False,False,False
633,2025-01-01 10:32:00,True,False,False,False
634,2025-01-01 10:33:00,True,False,False,False
635,2025-01-01 10:34:00,True,False,False,False
636,2025-01-01 10:35:00,True,True,False,False
637,2025-01-01 10:36:00,True,True,False,False
638,2025-01-01 10:37:00,True,True,False,False
639,2025-01-01 10:38:00,True,False,False,False
640,2025-01-01 10:39:00,True,False,False,False
641,2025-01-01 10:40:00,True,False,False,False
642,2025-01-01 10:41:00,True,False,False,False
643,2025-01-01 10:42:00,True,False,False,False
644,2025-01-01 10:43:00,True,False,False,False
645,2025-01-01 10:44:00,True,True,True,False
646,2025-01-01 10:45:00,False,False,False,False
647,2025-01-01 10:46:00,True,True,False,False
648,2025-01-01 10:47:00,True,False,False,False
649,2025-01-01 10:48:00,False,False,False,False
650,2025-01-01 10:49:00,True,False,False,False
651,2025-01-01 10:50:00,True,True,True,False
652,2025-01-01 10:51:00,True,True,True,False
653,2025-01-01 10:52:00,True,True,True,False
654,2025-01-01 10:53:00,False,False,False,False
655,2025-01-01 10:54:00,True,True,False,False
656,2025-01-01 10:55:00,True,False,False,False
657,2025-01-01 10:56:00,True,False,False,False
658,2025-01-01 10:57:00,True,True,False,False
659,2025-01-01 10:58:00,True,True,True,False
660,2025-01-01 10:59:00,True,True,False,False
661,2025-01-01 11:00:00,True,False,False,False
662,2025-01-01 11:01:00,False,False,False,False
663,2025-01-01 11:02:00,True,False,False,False
664,2025-01-01 11:03:00,True,True,False,False
665,2025-01-01 11:04:00,True,False,False,False
666,2025-01-01 11:05:00,True,False,False,False
667,2025-01-01 11:06:00,True,True,True,False
668,2025-01-01 11:07:00,True,False,False,False
669,2025-01-01 11:08:00,True,True,False,False
670,2025-01-01 11:09:00,True,False,False,False
671,2025-01-01 11:10:00,True,True,False,False
672,2025-01-01 11:11:00,False,False,False,False
673,2025-01-01 11:12:00,True,False,False,False
674,2025-01-01 11:13:00,True,False,False,False
675,2025-01-01 11:14:00,True,False,False,False
676,2025-01-01 11:15:00,False,False,False,False
677,2025-01-01 11:16:00,True,True,True,True
678,2025-01-01 11:17:00,True,True,True,False
679,2025-01-01 11:18:00,False,False,False,False
680,2025-01-01 11:19:00,False,False,False,False
681,2025-01-01 11:20:00,False,False,False,False
682,2025-01-01 11:21:00,True,False,False,False
683,2025-01-01 11:22:00,True,False,False,False
684,2025-01-01 11:23:00,True,False,False,False
685,2025-01-01 11:24:00,False,False,False,False
686,2025-01-01 11:25:00,True,False,False,False
687,2025-01-01 11:26:00,True,False,False,False
688,2025-01-01 11:27:00,True,True,False,False
689,2025-01-01 11:28:00,False,False,False,False
690,2025-01-01 11:29:00,True,False,False,False
691,2025-01-01 11:30:00,True,True,False,False
692,2025-01-01 11:31:00,True,False,False,False
693,2025-01-01 11:32:00,True,True,True,False
694,2025-01-01 11:33:00,True,True,False,False
695,2025-01-01 11:34:00,True,True,False,False
696,2025-01-01 11:35:00,True,True,False,False
697,2025-01-01 11:36:00,True,True,False,False
698,2025-01-01 11:37:00,True,True,True,False
699,2025-01-01 11:38:00,True,False,False,False
700,2025-01-01 11:39:00,True,False,False,False
701,2025-01-01 11:40:00,True,False,False,False
702,2025-01-01 11:41:00,True,True,False,False
703,2025-01-01 11:42:00,True,True,True,False
704,2025-01-01 11:43:00,True,False,False,False
705,2025-01-01 11:44:00,True,True,False,False
706,2025-01-01 11:45:00,False,False,False,False
707,2025-01-01 11:46:00,True,False,False,False
708,2025-01-01 11:47:00,False,False,False,False
709,2025-01-01 11:48:00,True,False,False,False
710,2025-01-01 11:49:00,True,False,False,False
711,2025-01-01 11:50:00,False,False,False,False
712,2025-01-01 11:51:00,True,True,False,False
713,2025-01-01 11:52:00,True,False,False,False
714,2025-01-01 11:53:00,True,True,True,False
715,2025-01-01 11:54:00,True,True,True,False
716,2025-01-01 11:55:00,False,False,False,False
717,2025-01-01 11:56:00,False,False,False,False
718,2025-01-01 11:57:00,False,False,False,False
719,2025-01-01 11:58:00,True,False,False,False
720,2025-01-01 11:59:00,False,False,False,False
721,2025-01-01 12:00:00,False,False,False,False
722,2025-01-01 12:01:00,True,True,False,False
723,2025-01-01 12:02:00,True,True,False,False
724,2025-01-01 12:03:00,False,False,False,False
725,2025-01-01 12:04:00,True,False,False,False
726,2025-01-01 12:05:00,False,False,False,False
727,2025-01-01 12:06:00,True,False,False,False
728,2025-01-01 12:07:00,False,False,False,False
729,2025-01-01 12:08:00,True,False,False,False
730,2025-01-01 12:09:00,True,False,False,False
731,2025-01-01 12:10:00,True,True,False,False
732,2025-01-01 12:11:00,False,False,False,False
733,2025-01-01 12:12:00,True,False,False,False
734,2025-01-01 12:13:00,True,True,False,False
735,2025-01-01 12:14:00,True,True,False,False
736,2025-01-01 12:15:00,False,False,False,False
737,2025-01-01 12:16:00,True,True,False,False
738,2025-01-01 12:17:00,False,False,False,False
739,2025-01-01 12:18:00,True,True,False,False
740,2025-01-01 12:19:00,True,True,True,False
741,2025-01-01 12:20:00,True,False,False,False
742,2025-01-01 12:21:00,True,False,False,False
743,2025-01-01 12:22:00,False,False,False,False
744,2025-01-01 12:23:00,True,True,True,True
745,2025-01-01 12:24:00,True,True,False,False
746,2025-01-01 12:25:00,False,False,False,False
747,2025-01-01 12:26:00,True,True,False,False
748,2025-01-01 12:27:00,True,True,True,False
749,2025-01-01 12:28:00,False,False,False,False
750,2025-01-01 12:29:00,True,True,False,False
751,2025-01-01 12:30:00,True,False,False,False
752,2025-01-01 12:31:00,False,False,False,False
753,2025-01-01 12:32:00,True,True,True,False
754,2025-01-01 12:33:00,True,True,True,False
755,2025-01-01 12:34:00,True,False,False,False
756,2025-01-01 12:35:00,False,False,False,False
757,2025-01-01 12:36:00,True,False,False,False
758,2025-01-01 12:37:00,True,True,False,False
759,2025-01-01 12:38:00,False,False,False,False
760,2025-01-01 12:39:00,False,False,False,False
761,2025-01-01 12:40:00,True,True,True,True
762,2025-01-01 12:41:00,True,False,False,False
763,2025-01-01 12:42:00,True,True,False,False
764,2025-01-01 12:43:00,False,False,False,False
765,2025-01-01 12:44:00,True,True,True,False
766,2025-01-01 12:45:00,True,True,False,False
767,2025-01-01 12:46:00,False,False,False,False
768,2025-01-01 12:47:00,False,False,False,False
769,2025-01-01 12:48:00,True,True,False,False
770,2025-01-01 12:49:00,False,False,False,False
771,2025-01-01 12:50:00,True,True,True,False
772,2025-01-01 12:51:00,False,False,False,False
773,2025-01-01 12:52:00,True,False,False,False
774,2025-01-01 12:53:00,True,False,False,False
775,2025-01-01 12:54:00,False,False,False,False
776,2025-01-01 12:55:00,True,True,False,False
777,2025-01-01 12:56:00,True,False,False,False
778,2025-01-01 12:57:00,False,False,False,False
779,2025-01-01 12:58:00,False,False,False,False
780,2025-01-01 12:59:00,True,False,False,False
781,2025-01-01 13:00:00,True,True,True,False
782,2025-01-01 13:01:00,True,False,False,False
783,2025-01-01 13:02:00,True,True,False,False
784,2025-01-01 13:03:00,True,False,False,False
785,2025-01-01 13:04:00,True,False,False,False
786,2025-01-01 13:05:00,False,False,False,False
787,2025-01-01 13:06:00,True,False,False,False
788,2025-01-01 13:07:00,True,False,False,False
789,2025-01-01 13:08:00,True,True,False,False
790,2025-01-01 13:09:00,False,False,False,False
791,2025-01-01 13:10:00,True,True,False,False
792,2025-01-01 13:11:00,True,False,False,False
793,2025-01-01 13:12:00,True,False,False,False
794,2025-01-01 13:13:00,True,False,False,False
795,2025-01-01 13:14:00,True,True,False,False
796,2025-01-01 13:15:00,False,False,False,False
797,2025-01-01 13:16:00,False,False,False,False
798,2025-01-01 13:17:00,True,True,False,False
799,2025-01-01 13:18:00,True,True,False,False
800,2025-01-01 13:19:00,False,False,False,False
801,2025-01-01 13:20:00,False,False,False,False
802,2025-01-01 13:21:00,True,False,False,False
803,2025-01-01 13:22:00,True,True,False,False
804,2025-01-01 13:23:00,True,True,False,False
805,2025-01-01 13:24:00,True,True,False,False
806,2025-01-01 13:25:00,False,False,False,False
807,2025-01-01 13:26:00,False,False,False,False
808,2025-01-01 13:27:00,False,False,False,False
809,2025-01-01 13:28:00,True,True,False,False
810,2025-01-01 13:29:00,True,True,False,False
811,2025-01-01 13:30:00,False,False,False,False
812,2025-01-01 13:31:00,False,False,False,False
813,2025-01-01 13:32:00,True,True,False,False
814,2025-01-01 13:33:00,False,False,False,False
815,2025-01-01 13:34:00,False,False,False,False
816,2025-01-01 13:35:00,True,False,False,False
817,2025-01-01 13:36:00,True,True,False,False
818,2025-01-01 13:37:00,True,False,False,False
819,2025-01-01 13:38:00,True,False,False,False
820,2025-01-01 13:39:00,True,True,True,False
821,2025-01-01 13:40:00,False,False,False,False
822,2025-01-01 13:41:00,True,True,True,False
823,2025-01-01 13:42:00,True,False,False,False
824,2025-01-01 13:43:00,True,False,False,False
825,2025-01-01 13:44:00,True,False,False,False
826,2025-01-01 13:45:00,False,False,False,False
827,2025-01-01 13:46:00,True,True,False,False
828,2025-01-01 13:47:00,True,False,False,False
829,2025-01-01 13:48:00,False,False,False,False
830,2025-01-01 13:49:00,True,True,True,True
831,2025-01-01 13:50:00,True,False,False,False
832,2025-01-01 13:51:00,True,False,False,False
833,2025-01-01 13:52:00,True,False,False,False
834,2025-01-01 13:53:00,True,False,False,False
835,2025-01-01 13:54:00,True,False,False,False
836,2025-01-01 13:55:00,True,False,False,False
837,2025-01-01 13:56:00,False,False,False,False
838,2025-01-01 13:57:00,True,True,True,True
839,2025-01-01 13:58:00,True,False,False,False
840,2025-01-01 13:59:00,True,True,True,False
841,2025-01-01 14:00:00,True,True,True,False
842,2025-01-01 14:01:00,True,True,False,False
843,2025-01-01 14:02:00,True,True,False,False
844,2025-01-01 14:03:00,False,False,False,False
845,2025-01-01 14:04:00,True,False,False,False
846,2025-01-01 14:05:00,True,True,True,False
847,2025-01-01 14:06:00,True,True,False,False
848,2025-01-01 14:07:00,False,False,False,False
849,2025-01-01 14:08:00,True,False,False,False
850,2025-01-01 14:09:00,True,False,False,False
851,2025-01-01 14:10:00,True,True,False,False
852,2025-01-01 14:11:00,False,False,False,False
853,2025-01-01 14:12:00,True,False,False,False
854,2025-01-01 14:13:00,False,False,False,False
855,2025-01-01 14:14:00,True,False,False,False
856,2025-01-01 14:15:00,True,True,False,False
857,2025-01-01 14:16:00,True,False,False,False
858,2025-01-01 14:17:00,True,True,True,False
859,2025-01-01 14:18:00,True,False,False,False
860,2025-01-01 14:19:00,True,False,False,False
861,2025-01-01 14:20:00,False,False,False,False
862,2025-01-01 14:21:00,True,False,False,False
863,2025-01-01 14:22:00,True,True,False,False
864,2025-01-01 14:23:00,True,False,False,False
865,2025-01-01 14:24:00,True,False,False,False
866,2025-01-01 14:25:00,True,False,False,False
867,2025-01-01 14:26:00,True,True,False,False
868,2025-01-01 14:27:00,True,True,False,False
869,2025-01-01 14:28:00,False,False,False,False
870,2025-01-01 14:29:00,False,False,False,False
871,2025-01-01 14:30:00,True,False,False,False
872,2025-01-01 14:31:00,True,True,False,False
873,2025-01-01 14:32:00,True,False,False,False
874,2025-01-01 14:33:00,True,False,False,False
875,2025-01-01 14:34:00,True,False,False,False
876,2025-01-01 14:35:00,True,False,False,False
877,2025-01-01 14:36:00,False,False,False,False
878,2025-01-01 14:37:00,True,False,False,False
879,2025-01-01 14:38:00,True,True,False,False
880,2025-01-01 14:39:00,True,False,False,False
881,2025-01-01 14:40:00,True,False,False,False
882,2025-01-01 14:41:00,True,False,False,False
883,2025-01-01 14:42:00,True,False,False,False
884,2025-01-01 14:43:00,True,False,False,False
885,2025-01-01 14:44:00,False,False,False,False
886,2025-01-01 14:45:00,True,True,False,False
887,2025-01-01 14:46:00,True,True,False,False
888,2025-01-01 14:47:00,True,True,False,False
889,2025-01-01 14:48:00,True,False,False,False
890,2025-01-01 14:49:00,True,False,False,False
891,2025-01-01 14:50:00,False,False,False,False
892,2025-01-01 14:51:00,False,False,False,False
893,2025-01-01 14:52:00,False,False,False,False
894,2025-01-01 14:53:00,True,True,False,False
895,2025-01-01 14:54:00,True,False,False,False
896,2025-01-01 14:55:00,True,False,False,False
897,2025-01-01 14:56:00,True,False,False,False
898,2025-01-01 14:57:00,False,False,False,False
899,2025-01-01 14:58:00,True,True,False,False
900,2025-01-01 14:59:00,True,False,False,False
901,2025-01-01 15:00:00,True,False,False,False
902,2025-01-01 15:01:00,True,True,False,False
903,2025-01-01 15:02:00,True,False,False,False
904,2025-01-01 15:03:00,True,True,False,False
905,2025-01-01 15:04:00,True,False,False,False
906,2025-01-01 15:05:00,False,False,False,False
907,2025-01-01 15:06:00,False,False,False,False
908,2025-01-01 15:07:00,True,True,True,False
909,2025-01-01 15:08:00,True,True,True,False
910,2025-01-01 15:09:00,True,True,True,False
911,2025-01-01 15:10:00,True,True,True,True
912,2025-01-01 15:11:00,True,False,False,False
913,2025-01-01 15:12:00,True,False,False,False
914,2025-01-01 15:13:00,True,True,False,False
915,2025-01-01 15:14:00,True,True,True,False
916,2025-01-01 15:15:00,True,False,False,False
917,2025-01-01 15:16:00,True,False,False,False
918,2025-01-01 15:17:00,False,False,False,False
919,2025-01-01 15:18:00,False,False,False,False
920,2025-01-01 15:19:00,True,True,True,False
921,2025-01-01 15:20:00,False,False,False,False
922,2025-01-01 15:21:00,True,True,False,False
923,2025-01-01 15:22:00,False,False,False,False
924,2025-01-01 15:23:00,False,False,False,False
925,2025-01-01 15:24:00,True,False,False,False
926,2025-01-01 15:25:00,True,True,False,False
927,2025-01-01 15:26:00,True,False,False,False
928,2025-01-01 15:27:00,True,True,False,False
929,2025-01-01 15:28:00,True,False,False,False
930,2025-01-01 15:29:00,True,True,True,True
931,2025-01-01 15:30:00,True,False,False,False
932,2025-01-01 15:31:00,False,False,False,False
933,2025-01-01 15:32:00,False,False,False,False
934,2025-01-01 15:33:00,True,False,False,False
935,2025-01-01 15:34:00,True,False,False,False
936,2025-01-01 15:35:00,True,False,False,False
937,2025-01-01 15:36:00,True,True,False,False
938,2025-01-01 15:37:00,False,False,False,False
939,2025-01-01 15:38:00,True,True,False,False
940,2025-01-01 15:39:00,True,True,True,False
941,2025-01-01 15:40:00,True,True,True,False
942,2025-01-01 15:41:00,True,True,False,False
943,2025-01-01 15:42:00,True,False,False,False
944,2025-01-01 15:43:00,False,False,False,False
945,2025-01-01 15:44:00,True,False,False,False
946,2025-01-01 15:45:00,True,False,False,False
947,2025-01-01 15:46:00,True,True,False,False
948,2025-01-01 15:47:00,False,False,False,False
949,2025-01-01 15:48:00,False,False,False,False
950,2025-01-01 15:49:00,True,True,False,False
951,2025-01-01 15:50:00,True,True,False,False
952,2025-01-01 15:51:00,True,True,False,False
953,2025-01-01 15:52:00,True,False,False,False
954,2025-01-01 15:53:00,False,False,False,False
955,2025-01-01 15:54:00,True,False,False,False
956,2025-01-01 15:55:00,True,False,False,False
957,2025-01-01 15:56:00,True,False,False,False
958,2025-01-01 15:57:00,True,True,False,False
959,2025-01-01 15:58:00,True,False,False,False
960,2025-01-01 15:59:00,False,False,False,False
961,2025-01-01 16:00:00,True,True,True,False
962,2025-01-01 16:01:00,True,True,True,False
963,2025-01-01 16:02:00,True,False,False,False
964,2025-01-01 16:03:00,True,True,False,False
965,2025-01-01 16:04:00,True,False,False,False
966,2025-01-01 16:05:00,True,False,False,False
967,2025-01-01 16:06:00,False,False,False,False
968,2025-01-01 16:07:00,True,True,False,False
969,2025-01-01 16:08:00,True,True,False,False
970,2025-01-01 16:09:00,True,True,False,False
971,2025-01-01 16:10:00,True,True,True,False
972,2025-01-01 16:11:00,False,False,False,False
973,2025-01-01 16:12:00,False,False,False,False
974,2025-01-01 16:13:00,True,False,False,False
975,2025-01-01 16:14:00,True,True,True,True
976,2025-01-01 16:15:00,True,False,False,False
977,2025-01-01 16:16:00,True,True,False,False
978,2025-01-01 16:17:00,True,True,True,False
979,2025-01-01 16:18:00,True,False,False,False
980,2025-01-01 16:19:00,True,False,False,False
981,2025-01-01 16:20:00,True,True,False,False
982,2025-01-01 16:21:00,False,False,False,False
983,2025-01-01 16:22:00,True,True,False,False
984,2025-01-01 16:23:00,True,True,False,False
985,2025-01-01 16:24:00,False,False,False,False
986,2025-01-01 16:25:00,True,True,False,False
987,2025-01-01 16:26:00,True,False,False,False
988,2025-01-01 16:27:00,True,True,False,False
989,2025-01-01 16:28:00,True,True,False,False
990,2025-01-01 16:29:00,False,False,False,False
991,2025-01-01 16:30:00,False,False,False,False
992,2025-01-01 16:31:00,True,True,False,False
993,2025-01-01 16:32:00,True,False,False,False
994,2025-01-01 16:33:00,True,True,True,True
995,2025-01-01 16:34:00,True,False,False,False
996,2025-01-01 16:35:00,True,False,False,False
997,2025-01-01 16:36:00,False,False,False,False
998,2025-01-01 16:37:00,True,True,True,False
999,2025-01-01 16:38:00,False,False,False,False
1000,2025-01-01 16:39:00,True,True,False,False
